REF_ID,REFERENCE
CA001,"Jennings, C.W., Strand, R.G., and Rogers, T.H., 1977, Geologic map of California:  California Division of Mines and Geology, scale 1:750,000."
CA002,"Jennings, C.W., 1985, An explanatory text to accompany the 1:750,000 scale fault and geologic maps of California:  California Division of Mines and Geology, Bulletin 201, 197 p."
CA003,"Gay, T.E., Jr., and Aune, Q.A., 1958, Geologic map of California, Olaf P. Jenkins edition, Alturas sheet, scale 1:250,000."
CA004,"Smith, A.R., 1965, Geologic map of California, Olaf P. Jenkins edition, Bakersfield sheet, scale 1:250,000."
CA005,"Burnett, J.L., and Jennings, C.W., 1962, Geologic map of California, Olaf P. Jenkins edition, Chico sheet, scale 1:250,000."
CA006,"Streitz, Robert, and Stinson, M.C., 1977, Geologic map of California, Death Valley sheet, scale 1:250,000."
CA007,"Matthews, R.A., and Burnett, J.L., 1966, Geologic map of California, Olaf P. Jenkins edition, Fresno sheet, scale 1:250,000."
CA008,"Jennings, C.W., 1961, Geologic map of California, Olaf P. Jenkins edition, Kingman sheet, scale 1:250,000."
CA009,"Jennings, C.W., 1962, Geologic map of California, Olaf P. Jenkins edition, Long Beach sheet, scale 1:250,000."
CA010,"Jennings, C.W., and Strand, R.G., 1969, Geologic map of California, Olaf P. Jenkins edition, Los Angeles sheet, scale 1:250,000."
CA011,"Strand, R.G., 1967, Geologic map of California, Olaf P. Jenkins edition, Mariposa sheet, scale 1:250,000."
CA012,"Bishop, C.C., 1964, Geologic map of California, Olaf P. Jenkins edition, Needles sheet, scale 1:250,000."
CA013,"Strand, R.G., 1962, Geologic map of California, Olaf P. Jenkins edition, Redding sheet, scale 1:250,000."
CA014,"Strand, R.G., and Koenig, J.B., 1966, Geologic map of California, Olaf P. Jenkins edition, Sacramento sheet, scale 1:250,000."
CA015,"Jennings, C.W., 1967, Geologic map of California, Olaf P. Jenkins edition, Salton Sea sheet, scale 1:250,000."
CA016,"Rogers, T.H., 1969, Geologic map of California, Olaf P. Jenkins edition, San Bernardino sheet, scale 1:250,000."
CA017,"Strand, R.G., 1962, Geologic map of California, Olaf P. Jenkins edition, San Diego-El Centro sheet, scale 1:250,000."
CA018,"Jennings, C.W., and Burnett, J.L., 1961, Geologic map of California, Olaf P. Jenkins edition, San Francisco sheet, scale 1:250,000."
CA019,"Rogers, T.H., 1966, Geologic map of California, Olaf P. Jenkins edition, San Jose sheet, scale 1:250,000."
CA020,"Jennings, C.W., 1959, Geologic map of California, Olaf P. Jenkins edition, San Luis Obispo sheet, scale 1:250,000."
CA021,"Rogers, T.H., 1966, Geologic map of California, Olaf P. Jenkins edition, Santa Ana sheet, scale 1:250,000."
CA022,"Jennings, C.W., and Strand, R.G., 1959, Geologic map of California, Olaf P. Jenkins edition, Santa Cruz sheet, scale 1:250,000."
CA023,"Jennings, C.W., 1959, Geologic map of California, Olaf P. Jenkins edition, Santa Maria sheet, scale 1:250,000."
CA024,"Koenig, J.B., 1963, Geologic map of California, Olaf P. Jenkins edition, Santa Rosa sheet, scale 1:250,000."
CA025,"Jennings, C.W., Burnett, J.L., and Troxel, B.W., 1963, Geologic map of California, Olaf P. Jenkins edition, Trona sheet, scale 1:250,000."
CA026,"Jennings, C.W., and Strand, R.G., 1960, Geologic map of California, Olaf P. Jenkins edition, Ukiah sheet, scale 1:250,000. "
CA027,"Koenig, J.B., 1963, Geologic map of California, Olaf P. Jenkins edition, Walker Lake sheet, scale 1:250,000."
CA028,"Strand, R.G., 1964, Geologic map of California, Olaf P. Jenkins edition, Weed sheet, scale 1:250,000."
CA029,"Lydon, P.A., Gay, T.E., Jr., and Jennings, C.W., 1960, Geologic map of California, Olaf P. Jenkins edition, Westwood sheet, scale 1:250,000."
CA030,"Saucedo, G.J., and Wagner, D.L., 1992, Geologic map of the Chico quadrangle, California:  California Division of Mines and Geology, Regional Geologic Map Series, Map 7A, scale 1:250,000."
CA031,"Wagner, D.L., Jennings, C.W., Bedrossian, T.L., and Bortugno, E.J., 1981, Geologic map of the Sacramento quadrangle, California:  California Division of Mines and Geology, Regional Geologic Map Series, Map 1A, scale 1:250,000."
CA032,"Bortugno, E.J., and Spittler, T.E., 1986, Geologic map of the San Bernardino quadrangle, California:  California Division of Mines and Geology, Regional Geologic Map Series, Map 3A, scale 1:250,000."
CA033,"Wagner, D.L., Bortugno, E.J., and McJunkin, R.D., 1990, Geologic map of the San Francisco-San Jose quadrangle, California:  California Division of Mines and Geology, Regional Geologic Map Series, Map 5A, scale 1:250,000."
CA034,"Wagner, D.L., and Saucedo, G.J., 1987, Geologic map of the Weed quadrangle, California:  California Division of Mines and Geology, Regional Geologic Map Series, Map 4A, scale 1:250,000."
CA035,"Wagner, D.L., and Bortugno, E.J., 1982, Geologic map of the Santa Rosa quadrangle, California:  California Division of Mines and Geology, Regional Geologic Map Series, Map 2A, scale 1:250,000."
CA036,"Fraticelli, L.A., Albers, J.P., Irwin, W.P., and Blake, M.C., Jr., 1987, Geologic map of the Redding 1 X 2 degree quadrangle, Shasta, Tehama, Humboldt, and Trinity Counties, California:  U.S. Geological Survey Open-File Report 87-257, scale 1:250,000."
CA037,"Stewart, J.H., Carlson, J.E., and Johannsen, D.C., 1982, Geologic map of the Walker Lake 1ø x 2ø quadrangle, California and Nevada:  U.S. Geological Survey Miscellaneous Field Studies Map MF-1382-A, scale 1:250,000."
CA038,"Bateman, P.C., 1992, Pre-Tertiary geologic map of the Mariposa 1ø by 2ø quadrangle, Sierra Nevada, California:  U.S. Geological Survey Miscellaneous Investigations Series Map I-1960, scale 1:250,000."
CA039,"Irwin, W.P., 1994, Geologic map of the Klamath Mountains, California and Oregon:  U.S. Geological Survey Miscellaneous Investigations Series Map I-2148, scale 1:500,000."
CA040,"Harwood, D.S., 1992, Stratigraphy of Paleozoic and lower Mesozoic rocks in the Northern Sierra Terrane, California:  U.S. Geological Survey Bulletin 1957, 78 p., scale 1:250,000."
CA041,"Ross, D.C., 1995, Reconnaissance geologic map of the southern Sierra Nevada, Kern, Tulare, and Inyo Counties, California:  U.S. Geological Survey Miscellaneous Investigations Series Map I-2295, scale 1:125,000."
CA042,"Ross, D.C., 1989, The metamorphic and plutonic rocks of the southernmost Sierra Nevada, California, and their tectonic framework:  U.S. Geological Survey Professional Paper 1381, 159 p., scale 1:125,000."
CA043,"Ross, D.C., 1967, Generalized geologic map of the Inyo Mountains region, California:  U.S. Geological Survey Miscellaneous Geologic Investigations Map I-506, scale 1:125,000."
CA044,"Powell, R.E., 1993, Balanced palinspastic reconstruction of pre-late Cenozoic paleogeology, southern California: Geologic and kinematic constraints on evolution of the San Andreas fault system, in Powell, R.E., Weldon, R.J., II, and Matti, J.C., eds., The San Andreas fault system: Displacement, palinspastic reconstruction, and geologic evolution:  Geological Society of America Memoir 178, p. 1-106, scale 1:750,000."
CA045,"Yerkes, R.F., and Campbell, R.H., 1997, Preliminary geologic map of the west half, Los Angeles 60' x 30' quadrangle:  U.S. Geological Survey Open-File Report 97-483, scale 1:100,000."
CA046,"Matti, J.C., Brown, H.J., Miller, F.K., Wrucke, C.T., Calzia, J.P., and Conway, C.M., 1993, Preliminary geologic map of the north-central San Bernardino Mountains, California:  U.S. Geological Survey Open-File Report 93-544, 10 p., scale 1:100,000."
CA047,"Tennyson, M.E., 1992, Preliminary geologic map of the Santa Maria 30' x 60' quadrangle, California:  U.S. Geological Survey Open-File Report 92-189, 9 p., scale 1:100,000."
CA048,"Blake, M.C., Jr., Helley, E.J., Jayko, A.S., Jones, D.L., and Ohlin, H.N., 1992, Geologic map of the Willows 1:100,000 quadrangle, California:  U.S. Geological Survey Open-File Report 92-271, 42 p., scale 1:100,000."
CA049,"Graymer, R.W., Jones, D.L., and Brabb, E.E., 2002, Geologic map and map database of northeastern San Francisco Bay region, California:  U.S. Geological Survey Miscellaneous Field Studies Map MF-2403, 28 p., scale 1:100,000."
CA050,"Blake, M.C., Jr., Graymer, R.W., and Stamski, R.E., 2002, Geologic map and map database of western Sonoma, northernmost Marin, and southernmost Mendocino Counties, California:  U.S. Geological Survey Miscellaneous Field Studies Map MF-2402, 43 p., scale 1:100,000."
CA051,"Howard, K.A., 2002, Geologic map of the Sheep Hole Mountains 30' x 60' quadrangle, San Bernardino and Riverside Counties, California:  U.S. Geological Survey Miscellaneous Field Studies Map MF-2344, scale 1:100,000."
CA052,"Jayko, A.S., Blake, M.C., Jr., McLaughlin, R.J., Ohlin, H.N., Ellen, S.D., and Kelsey, Harvey, 1989, Reconnaissance geologic map of the Covelo 30- by 60-minute quadrangle, northern California:  U.S. Geological Survey Miscellaneous Field Studies Map MF-2001, scale 1:100,000."
CA053,"Brabb, E.E., Graymer, R.W., and Jones, D.L., 2000, Geologic map and map database of the Palo Alto 30' x 60' quadrangle, California:  U.S. Geological Survey Miscellaneous Field Studies Map MF-2332, 30 p., scale 1:100,000."
CA054,"Blake, M.C., Jr., Graymer, R.W., and Jones, D.L., 2000, Geologic map and map database of parts of Marin, San Francisco, Alameda, Contra Costa, and Sonoma Counties, California:  U.S. Geological Survey Miscellaneous Field Studies Map MF 2337, 29 p., scale 1:75,000."
CA055,"Blake, M.C., Jr., Harwood, D.S., Helley, E.J., Irwin, W.P., Jayko, A.S., and Jones, D.L., 1999, Geologic map of the Red Bluff 30' x 60' quadrangle, California:  U.S. Geological Survey Geologic Investigations Series Map I-2542, 15 p., scale 1:100,000."
CA056,"McLaughlin, R.J., Ellen, S.D., Blake, M.C., Jr., Jayko, A.S., Irwin, W.P., Aalto, K.R., Carver, G.A., and Clarke, S.H., Jr., 2000, Geology of the Cape Mendocino, Eureka, Garberville, and southwestern part of the Hayfork 30 x 60 minute quadrangles and adjacent offshore area, northern California:  U.S. Geological Survey Miscellaneous Field Studies Map MF-2336, 30 p., scale 1:100,000."
CA057,"Carr, M.D., Sawyer, D.A., Nimz, Kathryn, Maldonado, Florian, and Swadley, W C, 1996, Digital bedrock geologic map database of the Beatty 30 x 60-minute quadrangle, Nevada and California:  U.S. Geological Survey Open-File Report 96-261, 41 p., scale 1:100,000."
CA058,"Morton, D.M., 1999, Preliminary digital geologic map of the Santa Ana 30' x 60' quadrangle, southern California:  U.S. Geological Survey Open-File Report 99-172, scale 1:100,000."
CA059,"Stone, Paul, 1990, Preliminary geologic map of the Blythe 30' by 60' quadrangle, California and Arizona:  U.S. Geological Survey Open-File Report 90-497, scale 1:100,000."
CA060,"Miller, D.M., Miller, R.J., Nielson, J.E., Wilshire, H.G., Howard, K.A., and Stone, Paul, 1991, Preliminary geologic map of the East Mojave National Scenic Area, California:  U.S. Geological Survey Open-File Report 91-435, 8 p., scale 1:100,000."
CA061,"Huber, N.K., Bateman, P.C., and Wahrhaftig, Clyde, 1989, Geologic map of Yosemite National Park and vicinity, California:  U.S. Geological Survey Miscellaneous Investigations Series Map I-1874, scale 1:125,000."
CA062,"Moore, J.G., and Sisson, T.W., 1987, Preliminary geologic map of Sequoia and Kings Canyon National Parks, California:  U.S. Geological Survey Open-File Report 87-651, 17 p., scale 1:125,000."
CA063,"Dibblee, T.W., Jr., 1973, Regional geologic map of San Andreas and related faults in Carrizo Plain, Temblor, Caliente, and La Panza Ranges and vicinity, California:  U.S. Geological Survey Miscellaneous Geologic Investigations Map I-757, scale 1:125,000."
CA064,"Chin, J.L., Morrow, J.R., Ross, C.R., and Clifton, H.E., 1993, Geologic maps of upper Cenozoic deposits in central California:  U.S. Geological Survey Miscellaneous Investigations Series Map I-1943, scale 1:250,000."
CA065,"Luedke, R.G., and Smith, R.L., 1981, Map showing distribution, composition, and age of late Cenozoic volcanic centers in California and Nevada:  U.S. Geological Survey Miscellaneous Investigations Series Map I-1091-C, scale 1:1,000,000."
CA066,"Luedke, R.G., Smith, R.L., and Russell-Robinson, S.L., 1983, Map showing distribution, composition, and age of late Cenozoic volcanoes and volcanic rocks of the Cascade Range and vicinity, northwestern United States:  U.S. Geological Survey Miscellaneous Investigations Series Map I-1507, scale 1:500,000."
CA067,"Dibblee, T.W., Jr., 1967, Areal geology of the western Mojave Desert, California:  U.S. Geological Survey Professional Paper 522, 153 p., scale 1:125,000."
CA068,"Bartow, J.A., 1984, Geologic map and cross sections of the southeastern margin of the San Joaquin Valley, California:  U.S. Geological Survey Miscellaneous Investigations Series Map I-1496, scale 1:125,000."
CA069,"Ross, D.C., 1972, Geologic map of the pre-Cenozoic basement rocks, Gabilan Range, Monterey and San Benito Counties, California:  U.S. Geological Survey Miscellaneous Field Studies Map MF-357, scale 1:125,000."
CA070,"Ross, D.C., 1976, Reconnaissance geologic map of pre-Cenozoic basement rocks, northern Santa Lucia Range, Monterey County, California:  U.S. Geological Survey Miscellaneous Field Studies Map MF-750, 7 p., scale 1:125,000."
CA071,"Carr, M.D., Christiansen, R.L., Poole, F.G., and Goodge, J.W., 1997, Bedrock geologic map of the El Paso Mountains in the Garlock and El Paso Peaks 7-1/2' quadrangles, Kern County, California:  U.S. Geological Survey Miscellaneous Investigations Series Map I-2389, 9 p., scale 1:24,000."
CA072,"Stone, Paul, Dunne, G.C., Stevens, C.H., and Gulliver, R.M., 1989, Geologic map of Paleozoic and Mesozoic rocks in parts of the Darwin and adjacent quadrangles, Inyo County, California:  U.S. Geological Survey Miscellaneous Investigations Series Map I-1932, scale 1:31,250."
CA073,"Stevens, C.H., and Greene, D.C., 1999, Stratigraphy, depositional history, and tectonic evolution of Paleozoic continental-margin rocks in roof pendants of the eastern Sierra Nevada, California:  Geological Society of America Bulletin, v. 111, p. 919-933."
CA074,"Stevens, C.H., Klingman, D.S., Sandberg, C.A., Stone, Paul, Belasky, Paul, Poole, F.G., and Snow, J.K., 1996, Mississippian stratigraphic framework of east-central California and southern Nevada with revision of Upper Devonian and Mississippian stratigraphic units in Inyo County, California:  U.S. Geological Survey Bulletin 1988-J, 39 p."
CA075,"Stone, Paul, Stevens, C.H., and Magginetti, R.T., 1987, Pennsylvanian and Permian stratigraphy of the northern Argus Range and Darwin Canyon area, California:  U.S. Geological Survey Bulletin 1691, 30 p."
CA076,"Stone, Paul, and Stevens, C.H., 1987, Stratigraphy of the Owens Valley Group (Permian), southern Inyo Mountains, California:  U.S. Geological Survey Bulletin 1692, 19 p."
CA077,"Stone, Paul, Stevens, C.H., and Orchard, M.J., 1991, Stratigraphy of the Lower and Middle(?) Triassic Union Wash Formation, east-central California:  U.S. Geological Survey Bulletin 1928, 26 p."
CA078,"Criscione, J.J., Davis, T.E., and Ehlig, P., 1978, The age of sedimentation/diagenesis for the Bedford Canyon Formation and the Santa Monica Formation of southern California: a Rb/Sr evaluation, in Howell, D.G., and McDougall, K.A., eds., Mesozoic paleogeography of the western United States:  Society of Economic Paleontologists and Mineralogists, Pacific Section, Pacific Coast Paleogeography Symposium 2, p. 385-396."
CA079,"D'Allura, J.A., Moores, E.M., and Robinson, L., 1977, Paleozoic rocks of the northern Sierra Nevada: their structural and paleogeographic implications, in Stewart, J.H., Stevens, C.H., and Fritsche, A.E., eds., Paleozoic paleogeography of the western United States:  Society of Economic Paleontologists and Mineralogists, Pacific Section, Pacific Coast Paleogeography Symposium 1, p. 395-408."
CA080,"Dillon, J.T., 1976, Geology of the Chocolate and Cargo Muchacho Mountains, southeasternmost California:  Santa Barbara, University of California, Ph.D. thesis, 405 p."
CA081,"Dunne, G.C., Garvey, T.P., Oborne, Mark, Schneidereit, Daniel, Fritsche, A.E., and Walker, J.D., 1998, Geology of the Inyo Mountains Volcanic Complex: implications for Jurassic paleogeography of the Sierra magmatic arc in eastern California:  Geological Society of America Bulletin, v. 110, p. 1376-1397."
CA082,"Dunne, G.C., Gulliver, R.M., and Sylvester, A.G., 1978, Mesozoic evolution of rocks of the White, Inyo, Argus, and Slate Ranges, eastern California, in Howell, D.G., and McDougall, K.A., eds., Mesozoic paleogeography of the western United States:  Society of Economic Paleontologists and Mineralogists, Pacific Section, Pacific Coast Paleogeography Symposium 2, p. 189-207."
CA083,"Dunne, G.C., and Suczek, C.A., 1991, Early Paleozoic eugeoclinal strata in the Kern Plateau pendants, southern Sierra Nevada, California, in Cooper, J.D., and Stevens, C.H., eds., Paleozoic paleogeography of the western United States-II:  Society of Economic Paleontologists and Mineralogists, Pacific Section, Book 67, p. 677-692."
CA084,"Dunne, G.C., and Walker, J.D., 1993, Age of Jurassic volcanism and tectonism, southern Owens Valley region, east-central California:  Geological Society of America Bulletin, v. 105, p. 1223-1230."
CA085,"Edelman, S.H., Day, H.W., Moores, E.M., Zigan, S.M., Murphy, T.P., and Hacker, B.R., 1989, Structure across a Mesozoic ocean-continent suture zone in the northern Sierra Nevada, California:  Geological Society of America Special Paper 224, 56 p."
CA086,"Erskine, B.G., and Wenk, H.-R., 1985, Evidence for Late Cretaceous crustal thinning in the Santa Rosa mylonite zone, southern California:  Geology, v. 13, p. 274-277."
CA087,"Fackler-Adams, B.N., Busby, C.J., and Mattinson, J.M., 1997, Jurassic magmatism and sedimentation in the Palen Mountains, southeastern California: implications for regional tectonic controls on the Mesozoic continental arc:  Geological Society of America Bulletin, v. 109, p. 1464-1484."
CA088,"Fiske, R.S., and Tobisch, O.T., 1978, Paleogeographic significance of volcanic rocks of the Ritter Range pendant, central Sierra Nevada, California, in Howell, D.G., and McDougall, K.A., eds., Mesozoic paleogeography of the western United States:  Society of Economic Paleontologists and Mineralogists, Pacific Section, Pacific Coast Paleogeography Symposium 2, p. 209-221."
CA089,"Fleck, R.J., Mattinson, J.M., Busby, C.J., Carr, M.D., Davis, G.A., and Burchfiel, B.C., 1994, Isotopic complexities and the age of the Delfonte volcanic rocks, eastern Mescal Range, southeastern California:  Geological Society of America Bulletin, v. 106, p. 1242-1253."
CA090,"Germinario, Mark, 1993, The early Mesozoic Julian Schist, Julian, California, in Gastil, R.G., and Miller, R.H., eds., The prebatholithic stratigraphy of peninsular California:  Geological Society of American Special Paper 279, p. 107-118."
CA091,"Glazner, A.F., Bartely, J.M., and Walker, J.D., 1988, Geology of the Waterman Hills detachment fault, central Mojave Desert, California, in Weide, D.L., and Faber, M.L., eds., This extended land, geological journeys in the southern Basin and Range:  Geological Society of America Cordilleran Section Guidebook, p. 225-237."
CA092,"Greene, D.C., Schweickert, R.A., and Stevens, C.H., 1995, Roberts Mountains allochthon and the western margin of the Cordilleran miogeocline in the Northern Ritter Range pendant, eastern Sierra Nevada, California:  Geological Society of America Bulletin, v. 109, p. 1294-1305."
CA093,"Hanson, R.B., Saleeby, J.B., and Fates, D.G., 1987, Age and tectonic setting of Mesozoic metavolcanic and metasedimentary rocks, northern White Mountains, California:  Geology, v. 15, p. 1074-1078."
CA094,"Haxel, Gordon, and Dillon, John, 1978, The Pelona-Orocopia schist and Vincent-Chocolate Mountain thrust system, southern California, in Howell, D.G., and McDougall, K.A., eds., Mesozoic paleogeography of the western United States:  Society of Economic Paleontologists and Mineralogists, Pacific Section, Pacific Coast Paleogeography Symposium 2, p. 453-469."
CA095,"Haxel, G.B., Tosdal, R.M., and Dillon, J.T., 1985, Tectonic setting and lithology of the Winterhaven Formation: a new Mesozoic stratigraphic unit in southeasternmost California and southwestern Arizona:  U.S. Geological Survey Bulletin 1599, 19 p."
CA096,"Hunt, C.B., and Mabey, D.R., 1966, Stratigraphy and structure, Death Valley, California: U.S. Geological Survey Professional Paper 494-A, 162 p."
CA097,"Karish, C.R., Miller, E.L., and Sutter, J.F., 1987, Mesozoic tectonic and magmatic history of the central Mojave Desert, in Dickinson, W.R., and Klute, M.A., eds., Mesozoic rocks of southern Arizona and adjacent areas:  Arizona Geological Society Digest, v. 18, p. 15-32."
CA098,"Martin, M.W., and Walker, J.D., 1995, Stratigraphy and paleogeographic significance of metamorphic rocks in the Shadow Mountains, western Mojave Desert, California:  Geological Society of America Bulletin, v. 107, p. 354-366."
CA099,"Miller, E.L., 1981, Geology of the Victorville region, California:  Geological Society of America Bulletin, Part 2, v. 92, p. 554-608."
CA100,"Miller, J.S., Glazner, A.F., Walker, J.D., and Martin, M.W., 1995, Geochronologic and isotopic evidence for Triassic-Jurassic emplacement of the eugeoclinal allochthon in the Mojave Desert region, California:  Geological Society of America Bulletin, v. 107, p. 1441-1457."
CA101,"Potter, A.W., Hotz, P.E., and Rohr, D.M., 1977, Stratigraphy and inferred tectonic framework of lower Paleozoic rocks in the eastern Klamath Mountains, northern California, in Stewart, J.H., Stevens, C.H., and Fritsche, A.E., eds., Paleozoic paleogeography of the western United States:  Society of Economic Paleontologists and Mineralogists, Pacific Section, Pacific Coast Paleogeography Symposium 1, p. 421-440."
CA102,"Saleeby, J.B., Goodin, S.E., Sharp, W.D., and Busby, C.J., 1978, Early Mesozoic paleotectonic-paleogeographic reconstruction of the southern Sierra Nevada region, in Howell, D.G., and McDougall, K.A., eds., Mesozoic paleogeography of the western United States:  Society of Economic Paleontologists and Mineralogists, Pacific Section, Pacific Coast Paleogeography Symposium 2, p. 311-336."
CA103,"Schermer, E.R., and Busby, Cathy, 1994, Jurassic magmatism in the central Mojave Desert: implications for arc paleogeography and preservation of continental volcanic sequences:  Geological Society of America Bulletin, v. 106, p. 767-790."
CA104,"Jacobson, C.E., Barth, A.P., and Grove, M., 2000, Late Cretaceous protolith age and provenance of the Pelona and Orocopia Schists, southern California: Implications for evolution of the Cordilleran margin:  Geology, v. 28, p. 219-222."
CA105,"Schweickert, R.A., Saleeby, J.B., Tobisch, O.T., and Wright, W.H., III, 1977, Paleotectonic and paleogeographic significance of the Calaveras Complex, western Sierra Nevada, California, in Stewart, J.H., Stevens, C.H., and Fritsche, A.E., eds., Paleozoic paleogeography of the western United States:  Society of Economic Paleontologists and Mineralogists, Pacific Section, Pacific Coast Paleogeography Symposium 1, p. 381-394."
CA106,"Silberling, N.J., Jones, D.L., Blake, M.C., Jr., and Howell, D.G., 1987, Lithotectonic terrane map of the western conterminous United States:  U.S. Geological Survey Miscellaneous Field Studies Map MF-1874-C, scale 1:2,500,000."
CA107,"Stewart, J.H., and Poole, F.G., 1975, Extension of the Cordilleran miogeosynclinal belt to the San Andreas fault, southern California:  Geological Society of America Bulletin, v. 86, p. 205-212."
CA108,"Stone, Paul, Howard, K.A., and Hamilton, Warren, 1983, Correlation of metamorphosed Paleozoic strata of the southeastern Mojave Desert region, California and Arizona:  Geological Society of America Bulletin, v. 94, p. 1135-1147."
CA109,"Stone, Paul, and Pelka, G.J., 1989, Geologic map of the Palen-McCoy Wilderness Study Area and vicinity, Riverside County, California:  U.S. Geological Survey Miscellaneous Field Studies Map MF-2092, scale 1:62,500."
CA110,"Tosdal, R.M., Haxel, G.B., and Wright, J.E., 1989, Jurassic geology of the Sonoran Desert region, southern Arizona, southeastern California, and northernmost Sonora: construction of a continental-margin magmatic arc, in Jenney, J.P., and Reynolds, S.J., eds., Geologic evolution of Arizona: Arizona Geological Society Digest 17, p. 397-434."
CA111,"Walker, J.D., 1987, Permian to Middle Triassic rocks of the Mojave Desert:  Arizona Geological Society Digest, v. 18, p. 1-14."
CA112,"Wright, L.A., and Troxel, B.W., 1993, Geologic map of the central and northern Funeral Mountains and adjacent areas, Death Valley region, southern California:  U.S. Geological Survey Miscellaneous Investigations Series Map I-2305, scale 1:48,000."
CA113,"Graymer, R.W., 2000, Geologic map and map database of the Oakland metropolitan area, Alameda, Contra Costa, and San Francisco Counties, California:  U.S. Geological Survey Miscellaneous Field Studies Map MF-2342, 29 p., scale 1:50,000."
CA114,"Grose, T.L.T., Saucedo, G.J., and Wagner, D.L., 1990, Geologic map of the Susanville quadrangle, Lassen and Plumas Counties, California:  California Division of Mines and Geology, Open-File Report 91-1, 25 p., scale 1:100,000."
CA115,"Burke, D.B., Hillhouse, J.W., McKee, E.H., Miller, S.T., and Morton, J.L., 1982, Cenozoic rocks in the Barstow Basin area of southern California--stratigraphic relations, radiometric ages, and paleomagnetism:  U.S. Geological Survey Bulletin 1529-E, 16 p., scale 1:125,000."
CA116,"Morton, P.K., 1977, Geology and mineral resources of Imperial County, California:  California Division of Mines and Geology, County Report 7, 104 p., scale 1:125,000."
CA117,"Weber, F.H., Jr., 1963, Geology and mineral resources of San Diego County, California:  California Division of Mines and Geology, County Report 3, 309 p., scale 1:125,000."
CA118,"Durham, D.L., 1974, Geology of the southern Salinas Valley area, California:  U.S. Geological Survey Professional Paper 819, 111 p., scale 1:125,000."
CA119,"Clark, J.C., and Rietman, J.D., 1973, Oligocene stratigraphy, tectonics, and paleogeography southwest of the San Andreas fault, Santa Cruz Mountains and Gabilan Range, California Coast Ranges:  U.S. Geological Survey Professional Paper 783, 18 p., scale 1:125,000."
CA120,"Vedder, J.G., Gower, H.D., Clifton, H.E., and Durham, D.L., 1967, Reconnaissance geologic map of the central San Rafael Mountains and vicinity, Santa Barbara County, California:  U.S. Geological Survey Miscellaneous Geologic Investigations Map I-487, scale 1:48,000."
CA121,"Vedder, J.G., Dibblee, T.W., Jr., and Brown, R.D., Jr., 1973, Geologic map of the upper Mono Creek-Pine Mountain area, California, showing rock units and structures offset by the Big Pine fault:  U.S. Geological Survey Miscellaneous Geologic Investigations Map I-752, scale 1:48,000."
CA122,"Calzia, J.P., Matti, J.C., and Gantenbein, Michael, 1995, Geology, geochemistry, and resource potential of carbonate rocks in the San Bernardino National Forest, California:  U.S. Geological Survey Open-File Report 95-39, 38 p., scale 1:100,000."
CA123,"Wahraftig, Clyde, Stine, S.W., and Huber, N.K., 1993, Quaternary geologic map of the San Francisco 4ø x 6ø quadrangle, United States:  U.S. Geological Survey Miscellaneous Investigations Series Map I-1420 (NJ-10), scale 1:1,000,000. "
CA124,"Cotton, W.R., 1972, Preliminary geologic map of the Franciscan rocks in the central part of the Diablo Range, Santa Clara and Alameda Counties, California:  U.S. Geological Survey Miscellaneous Field Studies Map MF-343, scale 1:62,500."
CA125,"Irwin, W.P., 1981, Tectonic accretion of the Klamath Mountains, in Ernst, W.G., ed., The geotectonic development of California (Rubey Volume 1):  Englewood Cliffs, N.J., Prentice-Hall, p. 29-49."
CA126,"Burchfiel, B.C., and Davis, G.A., 1981, Triassic and Jurassic tectonic evolution of the Klamath Mountains-Sierra Nevada geologic terrane, in Ernst, W.G., ed., The geotectonic development of California (Rubey Volume 1):  Englewood Cliffs, N.J., Prentice-Hall, p. 50-70."
CA127,"Bateman, P.C., 1981, Geologic and geophysical constraints on models for the origin of the Sierra Nevada batholith, in Ernst, W.G., ed., The geotectonic development of California (Rubey Volume 1):  Englewood Cliffs, N.J., Prentice-Hall, p. 71-86."
CA128,"Schweickert, R.A., 1981, Tectonic evolution of the Sierra Nevada Range, in Ernst, W.G., ed., The geotectonic development of California (Rubey Volume 1):  Englewood Cliffs, N.J., Prentice-Hall, p. 87-131."
CA129,"Saleeby, J.B., 1981, Ocean floor accretion and volcanoplutonic arc evolution of the Mesozoic Sierra Nevada, in Ernst, W.G., ed., The geotectonic development of California (Rubey Volume 1):  Englewood Cliffs, N.J., Prentice-Hall, p. 132-181."
CA130,"Burchfiel, B.C., and Davis, G.A., 1981, Mojave Desert and environs, in Ernst, W.G., ed., The geotectonic development of California (Rubey Volume 1):  Englewood Cliffs, N.J., Prentice-Hall, p. 217-252."
CA131,"Ehlig, P.L., 1981, Origin and tectonic history of the basement terrane of the San Gabriel Mountains, central Transverse Ranges, in Ernst, W.G., ed., The geotectonic development of California (Rubey Volume 1):  Englewood Cliffs, N.J., Prentice-Hall, p. 253-283."
CA132,"Gastil, Gordon, Morgan, George, and Krummenacher, Daniel, 1981, The tectonic history of peninsular California and adjacent Mexico, in Ernst, W.G., ed., The geotectonic development of California (Rubey Volume 1):  Englewood Cliffs, N.J., Prentice-Hall, p. 284-306. "
CA133,"Blake, M.C., Jr., and Jones, D.L., 1981, The Franciscan Assemblage and related rocks in northern California: a reinterpretation, in Ernst, W.G., ed., The geotectonic development of California (Rubey Volume 1):  Englewood Cliffs, N.J., Prentice-Hall, p. 307-328."
CA134,"Page, B.M., 1981, The southern Coast Ranges, in Ernst, W.G., ed., The geotectonic development of California (Rubey Volume 1):  Englewood Cliffs, N.J., Prentice-Hall, p. 329-417."
CA135,"Hopson, C.A., Mattinson, J.M., and Pessagno, E.A., Jr., 1981, Coast Range Ophiolite, western California, in Ernst, W.G., ed., The geotectonic development of California (Rubey Volume 1):  Englewood Cliffs, N.J., Prentice-Hall, p. 418-510."
CA136,"Hoisch, T.D., Miller, C.F., Heizler, M.T., Harrison, T.M., and Stoddard, E.F., 1988, Late Cretaceous metamorphism in southeastern California, in Ernst, W.G., ed., Metamorphism and crustal evolution of the western United States (Rubey Volume 7):  Englewood Cliffs, N.J., Prentice-Hall, p. 538-571."
CA137,"Labotka, T.C., and Albee, A.L., 1988, Metamorphism and tectonics of the Death Valley region, California and Nevada, in Ernst, W.G., ed., Metamorphism and crustal evolution of the western United States (Rubey Volume 7):  Englewood Cliffs, N.J., Prentice-Hall, p. 714-736."
CA138,"Day, H.W., Schiffman, Peter, and Moores, E.M., 1988, Metamorphism and tectonics of the northern Sierra Nevada, in Ernst, W.G., ed., Metamorphism and crustal evolution of the western United States (Rubey Volume 7):  Englewood Cliffs, N.J., Prentice-Hall, p. 737-763."
CA139,"Harwood, D.S., 1988, Tectonism and metamorphism in the Northern Sierra Terrane, northern California, in Ernst, W.G., ed., Metamorphism and crustal evolution of the western United States (Rubey Volume 7):  Englewood Cliffs, N.J., Prentice-Hall, p. 764-788."
CA140,"Schweickert, R.A., Merguerian, Charles, and Bogen, N.L., 1988, Deformational and metamorphic history of Paleozoic and Mesozoic basement terranes in the western Sierra Nevada metamorphic belt, in Ernst, W.G., ed., Metamorphism and crustal evolution of the western United States (Rubey Volume 7):  Englewood Cliffs, N.J., Prentice-Hall, p. 789-822."
CA141,"Sharp, W.D., 1988, Pre-Cretaceous crustal evolution in the Sierra Nevada region, California, in Ernst, W.G., ed., Metamorphism and crustal evolution of the western United States (Rubey Volume 7):  Englewood Cliffs, N.J., Prentice-Hall, p. 823-864."
CA142,"Sams, D.B., and Saleeby, J.B., 1988, Geology and petrotectonic significance of crystalline rocks of the southernmost Sierra Nevada, California, in Ernst, W.G., ed., Metamorphism and crustal evolution of the western United States (Rubey Volume 7):  Englewood Cliffs, N.J., Prentice-Hall, p. 865-893. "
CA143,"Todd, V.R., Erskine, B.G., and Morton, D.M., 1988, Metamorphic and tectonic evolution of the northern Peninsular Ranges Batholith, southern California, in Ernst, W.G., ed., Metamorphism and crustal evolution of the western United States (Rubey Volume 7):  Englewood Cliffs, N.J., Prentice-Hall, p. 894-937. "
CA144,"James, E.W., and Mattinson, J.M., 1988, Metamorphic history of the Salinian block: an isotopic reconnaissance, in Ernst, W.G., ed., Metamorphism and crustal evolution of the western United States (Rubey Volume 7):  Englewood Cliffs, N.J., Prentice-Hall, p. 938-952."
CA145,"Peacock, S.M., 1988, Inverted metamorphic gradients in the westernmost Cordillera, in Ernst, W.G., ed., Metamorphism and crustal evolution of the western United States (Rubey Volume 7):  Englewood Cliffs, N.J., Prentice-Hall, p. 953-975."
CA146,"Jacobson, C.E., Dawson, M.R., and Postlethwaite, C.E., 1988, Structure, metamorphism, and tectonic significance of the Pelona, Orocopia, and Rand Schists, southern California, in Ernst, W.G., ed., Metamorphism and crustal evolution of the western United States (Rubey Volume 7):  Englewood Cliffs, N.J., Prentice-Hall, p. 976-997."
CA147,"Sorenson, S., 1988, Tectonometamorphic significance of the basement rocks of the Los Angeles basin and the inner California continental borderland, in Ernst, W.G., ed., Metamorphism and crustal evolution of the western United States (Rubey Volume 7):  Englewood Cliffs, N.J., Prentice-Hall, p. 998-1022."
CA148,"Blake, M.C., Jr., Jayko, A.S., McLaughlin, R.J., and Underwood, M.B., 1988, Metamorphic and tectonic evolution of the Franciscan Complex, northern California, in Ernst, W.G., ed., Metamorphism and crustal evolution of the western United States (Rubey Volume 7):  Englewood Cliffs, N.J., Prentice-Hall, p. 1035-1060."
CA149,"Coleman, R.G., Manning, C.E., Donato, M.M., Mortimer, N., and Hill, L.B., 1988, Tectonic and regional metamorphic framework of the Klamath Mountains and adjacent Coast Ranges, California and Oregon, in Ernst, W.G., ed., Metamorphism and crustal evolution of the western United States (Rubey Volume 7):  Englewood Cliffs, N.J., Prentice-Hall, p. 1061-1097."
CA150,"Irwin, W.P., 1977, Review of Paleozoic rocks of the Klamath Mountains, in Stewart, J.H., Stevens, C.H., and Fritsche, A.E., eds., Paleozoic paleogeography of the western United States:  Society of Economic Paleontologists and Mineralogists, Pacific Section, Pacific Coast Paleogeography Symposium 1, p. 441-454."
CA151,"Ross, D.C., 1977, Pre-intrusive metasedimentary rocks of the Salinian block, California--a paleotectonic dilemma, in Stewart, J.H., Stevens, C.H., and Fritsche, A.E., eds., Paleozoic paleogeography of the western United States:  Society of Economic Paleontologists and Mineralogists, Pacific Section, Pacific Coast Paleogeography Symposium 1, p. 371-380. "
CA152,"Xenophontos, Costas, and Bond, G.C., 1978, Petrology, sedimentation, and paleogeography of the Smartville terrane (Jurassic) - bearing on the genesis of the Smartville Ophiolite, in Howell, D.G., and McDougall, K.A., eds., Mesozoic paleogeography of the western United States:  Society of Economic Paleontologists and Mineralogists, Pacific Section, Pacific Coast Paleogeography Symposium 2, p. 291-302."
CA153,"Schweickert, R.A., 1978, Triassic and Jurassic paleogeography of the Sierra Nevada and adjacent regions, California and western Nevada, in Howell, D.G., and McDougall, K.A., eds., Mesozoic paleogeography of the western United States:  Society of Economic Paleontologists and Mineralogists, Pacific Section, Pacific Coast Paleogeography Symposium 2, p. 361-384."
CA154,"Schweickert, R.A., and Lahren, M.M., 1991, Age and tectonic significance of metamorphic rocks along the axis of the Sierra Nevada batholith: a critical reappraisal, in Cooper, J.D., and Stevens, C.H., eds., Paleozoic paleogeography of the western United States-II: Society of Economic Paleontologists and Mineralogists, Pacific Section, Book 67, p. 653-676."
CA155,"Martin, M.W., and Walker, J.D., 1993, Upper Precambrian to Paleozoic paleogeographic reconstruction of the Mojave Desert, California, in Cooper, J.D., and Stevens, C.H., eds., Paleozoic paleogeography of the western United States-II: Society of Economic Paleontologists and Mineralogists, Pacific Section, Book 67, p. 167-188."
CA156,"Brown, H.J., 1991, Stratigraphy and paleogeographic setting of Paleozoic rocks in the San Bernardino Mountains, California, in Cooper, J.D., and Stevens, C.H., eds., Paleozoic paleogeography of the western United States-II: Society of Economic Paleontologists and Mineralogists, Pacific Section, Book 67, p. 193-207."
CA157,"Saleeby, J.B., and Busby, Cathy, 1993, Paleogeographic and tectonic setting of axial and western metamorphic framework rocks of the southern Sierra Nevada, California, in Dunne, G.C., and McDougall, K.A., eds., Mesozoic paleogeography of the western United States-II: Society of Economic Paleontologists and Mineralogists, Pacific Section, Book 71, p. 197-226. "
CA158,"Saleeby, J.B., and others, 1986, C-2 central California offshore to Colorado Plateau:  Geological Society of America, Centennial Continent/Ocean Transect 10, 63 p., scale 1:500,000."
CA159,"Blake, M.C., Jr., and others, 1985, C-1 Mendocino triple junction to North American craton:  Geological Society of America Centennial Continent/Ocean Transect 12, 30 p., scale 1:500,000."
CA160,"Howell, D.G., and others, 1985, C-3 Pacific abyssal plain to the Rio Grande rift:  Geological Society of America Centennial Continent/Ocean Transect 5, 23 p., scale 1:500,000."
CA161,"Walker, J.D., Martin, M.W., and Glazner, A.F., 2002, Late Paleozoic to Mesozoic development of the Mojave Desert and environs, California, in Glazner, A.F., Walker, J.D., and Bartley, J.M., eds., Geologic evolution of the Mojave Desert and southwestern Basin and Range:  Geological Society of America Memoir 195, p. 1-18."
CA162,"Gastil, R.G., 1993, Prebatholithic history of peninsular California, in Gastil, R.G., and Miller, R.H., eds., The prebatholithic stratigraphy of peninsular California: Geological Society of America Special Paper 279, p. 145-156."
CA163,"Potter, A.W., and others, 1990, Early Paleozoic stratigraphic, paleogeographic, and biogeographic relations of the eastern Klamath belt, northern California, in Harwood, D.S., and Miller, M.M., eds., Paleozoic and early Mesozoic paleogeographic relations; Sierra Nevada, Klamath Mountains, and related terranes:  Geological Society of America Special Paper 255, p. 57-74."
CA164,"Hacker, B.R., and Peacock, S.M., 1990, Comparison of the Central Metamorphic Belt and Trinity terrane of the Klamath Mountains with the Feather River terrane of the Sierra Nevada, in Harwood, D.S., and Miller, M.M., eds., Paleozoic and early Mesozoic paleogeographic relations; Sierra Nevada, Klamath Mountains, and related terranes:  Geological Society of America Special Paper 255, p. 75-92."
CA165,"Miller, M.M., and Harwood, D.S., 1990, Paleogeographic setting of upper Paleozoic rocks in the northern Sierra and eastern Klamath terranes, northern California, in Harwood, D.S., and Miller, M.M., eds., Paleozoic and early Mesozoic paleogeographic relations; Sierra Nevada, Klamath Mountains, and related terranes:  Geological Society of America Special Paper 255, p. 175-192."
CA166,"Stewart, J.H., 1970, Upper Precambrian and Lower Cambrian strata in the southern Great Basin, California and Nevada:  U.S. Geological Survey Professional Paper 620, 206 p."
CA167,"Brown, A.R., 1980, Limestone deposits of the Desert Divide, San Jacinto Mountains, California, in Fife, D.L., and Brown, A.R., eds., Geology and mineral wealth of the California Desert: South Coast Geological Society, p. 284-293."
CA168,"Barth, A.P., Tosdal, R.M., Wooden, J.L., and Howard, K.A., 1997, Triassic plutonism in southern California: southward younging of arc initiation along a truncated continental margin:  Tectonics, v. 16, p. 290-304."
CA169,"Suppe, John, 1978, Cross section of southern part of northern Coast Ranges and Sacramento Valley, California:  Geological Society of America Map and Chart Series, MC-28B, 8 p., scale 1:250,000."
CA170,"Irwin, Porter, and Dennis, M.D., 1978, Geologic structure section across southern Klamath Mountains, Coast Ranges, and seaward to Point Delgada, California:  Geological Society of America Map and Chart Series, MC-28D, scale 1:250,000."
CA171,"Bateman, P.C., 1978, Map and cross section of the Sierra Nevada from Madera to the White Mountains, central California:  Geological Society of America Map and Chart Series, MC-28E, 4 p., scale 1:250,000."
CA172,"Page, B.M., Wagner, H.C., McCulloch, D.S., Silver, E.A., and Spotts, J.H., 1978, Geologic cross section of the continental margin off San Luis Obispo, the southern Coast Ranges, and the San Joaquin Valley, California:  Geological Society of America Map and Chart Series, MC-28G, 12 p., scale 1:250,000."
CA173,"Ross, D.C., and McCulloch, D.S., 1979, Cross section of the southern Coast Ranges and San Joaquin Valley from offshore Point Sur to Madera, California:  Geological Society of America Map and Chart Series, MC-28H, 4 p., scale 1:250,000."
CA174,"Davis, G.A., Ando, C.J., Cashman, P.H., and Goullaud, Lee, 1979, Cross section of the central Klamath Mountains, California:  Geological Society of America Map and Chart Series, MC-28I, 6 p., scale 1:62,500."
CA175,"Crowell, J.D., Beyer, L.A., Biehler, Shawn, Ehlig, P.L., Hall, E.A., Junger, Arne, and Vedder, J.G., 1980, Geologic cross section from Patton Ridge to the Mojave Desert, across the Los Angeles Basin, southern California:  Geological Society of America Map and Chart Series, MC-28K, scale 1:250,000."
CA176,"Speed, R.C., and Moores, E.M., 1980, Geologic cross section of the Sierra Nevada and the Great Basin along 40ø N. lat., northeastern California and northern Nevada: Geological Society of America Map and Chart Series, MC-28L, 12 p., scale 1:250,000. "
CA177,"Wright, L.A., Troxel, B.W., Burchfiel, B.C., Chapman, R.H., and Labotka, T.C., 1981, Geologic cross section from the Sierra Nevada to the Las Vegas Valley, eastern California to southern Nevada:  Geological Society of America Map and Chart Series,  MC-28M, 15 p., scale 1:250,000."
CA178,"Maxwell, J.C., Etter, S.D., Fritz, D.M., Gucwa, P.R., Jordan, M.A., Kleist, J.R., Lehman, D.H., Raney, J.A., and Worrall, D.M., 1981, Geologic cross sections, northern California coast ranges to northern Sierra Nevada, and Lake Pillsbury area to southern Klamath Mountains:  Geological Society of America Map and Chart Series, MC-28N, 8 p., scale 1:250,000."
CA179,"Hietanen, A., 1981, The Feather River area as a part of the Sierra Nevada suture system in California:  U.S. Geological Survey Professional Paper 1226-B, 13 p."
CA180,"Hietanen, A., 1973, Geology of the Pulga and Bucks Lake quadrangles, Butte and Plumas Counties, California:  U.S. Geological Survey Professional Paper 731, 66 p."
CA181,"Albers, J.P., and Robertson, J.F., 1961, Geology and ore deposits of East Shasta copper-zinc district, Shasta County, California:  U.S. Geological Professional Paper 338, 107 p.,  scale 1:24,000."
CA182,"Burchfiel, B.C., Hamill, G.S., IV, and Wilhelms, D.E., 1982, Stratigraphy of the Montgomery Mountains and the northern half of the Nopah and Resting Spring Ranges, Nevada and California:  Geological Society of America Map and Chart Series MC-44, 9 p., scale 1:62,500. "
CA183,"Workman, J.B., Menges, C.M., Page, W.R., Taylor, E.M., Ekren, E.B., Rowley, P.D., Dixon, G.L., Thompson, R.A., and Wright, L.A., 2002, Geologic map of the Death Valley ground-water model area, Nevada and California:  U.S. Geological Survey Miscellaneous Field Studies Map MF-2381-A, 46 p., scale 1:250,000."
CA184,"McMath, V.E., 1966, Geology of the Taylorsville area, northern Sierra Nevada, in Bailey, E.H., ed., Geology of northern California:  California Division of Mines and Geology Bulletin 190, p. 173-183."
CA185,"Carr, M.D., Harris, A.G., Poole, F.G., and Fleck, R.J., 1992, Stratigraphy and structure of Paleozoic outer continental-margin rocks in Pilot Knob Valley, north-central Mojave Desert, California:  U.S. Geological Survey Bulletin 2015, 33 p., scale 1:24,000."
CA186,"Miller, E.L., and Sutter, J.F., 1982, Structural geology and 40Ar-39Ar geochronology of the Goldstone-Lane Mountain area, Mojave Desert, California:  Geological Society of America Bulletin, v. 93, p. 1191-1207."
CA187,"McCulloh, T.H., 1960, Geologic map of the Lane Mountain quadrangle, California:  U.S. Geological Survey Open-file Report 60-95, scale 1:62,500."
CA188,"Schweickert, R.A., and Lahren, M.M., 1993, Tectonics of the east-central Sierra Nevada--Saddlebag Lake and Northern Ritter Range pendants, in Lahren, M.M., Trexler, J.H., Jr., and Spinosa, C., eds., Crustal evolution of the Great Basin and the Sierra Nevada:  Geological Society of America Cordilleran Section Guidebook, Department of Geological Sciences, University of Nevada, Reno, p. 313-351."
CA189,"Chesterman, C.W., and Gray, C.H., Jr., 1975, Geology of the Bodie quadrangle, Mono County, California:  California Division of Mines and Geology, Map Sheet 21, scale 1:48,000."
CA190,"Chesterman, C.W., 1975, Geology of the Matterhorn Peak quadrangle, Mono and Tuolumne Counties, California:  California Division of Mines and Geology, Map Sheet 22, scale 1:48,000."
CA191,"Postlethwaite, C.E., and Jacobson, C.E., 1987, Early history and reactivation of the Rand thrust, southern California:  Journal of Structural Geology, v. 9, p. 195-205."
CA192,"Ross, D.C., 1976, Metagraywacke in the Salinian block, central Coast Ranges, California--and a possible correlative across the San Andreas fault:  U.S. Geological Survey Journal of Research, v. 4, no. 6, p. 683-696."
CA193,"Hill, D.J., 1976, Geology of the Jurassic basement rocks, Santa Cruz Island, California, and correlation with other Mesozoic basement terranes in California, in Howell, D.G., ed., Aspects of the geologic history of the California continental borderland:  American Association of Petroleum Geologists, Pacific Section, Miscellaneous Publication 24, p. 16-46."
CA194,"Wrucke, C.T., Stevens, C.H., and Wooden, J.L., 1995, The Butte Valley and Layton Well thrusts of eastern California: Distribution and regional significance:  Tectonics, v. 14, p. 1165-1171."
CA195,"Smith, G.I., Troxel, B.W., Gray, C.H., Jr., and von Huene, R., 1968, Geologic reconnaissance of the Slate Range, San Bernardino and Inyo Counties, California:  California Division of Mines and Geology Special Report 96, 33 p., scale 1:62,500."
CA196,"Leo, G.W., 1967, The plutonic and metamorphic rocks of the Ben Lomond Mountain area, Santa Cruz County, California:  California Division of Mines and Geology Special Report 91, p. 27-43."
CA197,"Clark, J.C., 1981, Stratigraphy, paleontology, and geology of the central Santa Cruz Mountains, California Coast Ranges:  U.S. Geological Survey Professional Paper 1168, 51 p., scale 1:24,000."
CA198,"Davis, G.A., Holdaway, M.J., Lipman, P.W., and Romey, W.D., 1965, Structure, metamorphism, and plutonism in the south-central Klamath Mountains, California:  Geological Society of America Bulletin, v. 76, p. 933-966."
CA199,"Owens, E.O., and Hodder, R.W., 1994, Aluminosilicate mineral assemblages in the Cargo Muchacho Mountains, southern California: metasomatism and gold concentration associated with magmatism and deformation in mesozonal environments:  Canadian Journal of Earth Sciences, v. 31, p. 310-322."
CA200,"Warnke, D.A., 1969, A geologic investigation of the Halloran Hills, central Mojave Desert, California:  Geologische Rundschau, v. 58, no. 3, p. 998-1047."
CA201,"Howard, K.A., Stone, Paul, Pernokas, M.A., and Marviin, R.F., 1982, Geologic and geochronologic reconnaissance of the Turtle Mountains area, California: west border of the Whipple Mountains detachment terrane, in Frost, E.G., and Martin, D.L., eds., Mesozoic-Cenozoic tectonic evolution of the Colorado River region, California, Arizona, and Nevada:  San Diego, Calif., Cordilleran Publishers, p. 341-354."
CA202,"Saleeby, J.B., 1990, Geochronological and tectonostratigraphic framework of Sierra-Klamath ophiolitic assemblages, in Harwood, D.S., and Miller, M.M., eds., Paleozoic and early Mesozoic paleogeographic relations; Sierra Nevada, Klamath Mountains, and related terranes:  Geological Society of America Special Paper 255, p. 93-114."
CA203,"Kistler, R.W., 1966, Geologic map of the Mono Craters quadrangle, Mono and Tuolumne Counties, California:  U.S. Geological Survey Geologic Quadrangle Map GQ-462, scale 1:62,500."
CA204,"Kistler, R.W., 1966, Structure and metamorphism in the Mono Craters quadrangle, Sierra Nevada, California:  U.S. Geological Survey Bulletin 1221-E, p. E1-E53."
CA205,"Holm, D.K., and Wernicke, B., 1990, Black Mountains crustal section, Death Valley extended terrain, California:  Geology, v. 18, p. 520-523."
CA206,"Morton, D.M., and Miller, F.K., 2003, Preliminary geologic map of the San Bernardino 30' x 60' quadrangle, California:  U.S. Geological Survey Open-file Report 03-293, scale 1:100,000, 190 p."
CA207,"Fraticelli, L.A., Albers, J.P., and Zartman, R.E., 1985, The Permian Pit River Stock of the McCloud plutonic belt, eastern Klamath terrane, northern California:  Isochron/West, no. 44, p. 6-8."
CA208,"Barth, A.P., and Ehlig, P.L., 1988, Geochemistry and petrogenesis of the marginal zone of the Mount Lowe Intrusion, central San Gabriel Mountains, California:  Contributions to Mineralogy and Petrology, v. 100, p. 192-204."
CA209,"Asmerom, Y., Snow, J.K., Holm, D.K., Jacobsen, S.B., Wernicke, B.P., and Lux, D.R., 1990, Rapid uplift and crustal growth in extensional environments: An isotopic study from the Death Valley region, California:  Geology, v. 18, p. 223-226."
CA210,"John, B.E., 1987, Geometry and evolution of a mid-crustal extensional fault system: Chemehuevi Mountains, southeastern California, in Coward, M.P., Dewey, J.F., and Hancock, P.L., eds., Continental extensional tectonics:  Geological Society Special Publications, v. 28, p. 313-335."
CA211,"Anderson, J.L., and Cullers, R.L., 1990, Middle to upper crustal plutonic construction of a magmatic arc; an example from the Whipple Mountains metamorphic core complex, in Anderson, J.L., ed., The nature and origin of Cordilleran magmatism:  Geological Society of America Memoir 174, p. 47-69."
CA212,"Walker, J.D., and Wardlaw, B.R., 1989, Implications of Paleozoic and Mesozoic rocks in the Soda Mountains, northeastern Mojave Desert, California, for late Paleozoic and Mesozoic Cordilleran orogenesis:  Geological Society of America Bulletin, v. 101, p. 1574-1583."
CA213,"Cole, R.D., 1986, Geology of the Butte Valley and Warm Springs Formations, southern Panamint Range, Inyo County, California [M.S. thesis]:  Fresno, California State University, 132 p."
CA214,"Crowder, D.F., and Sheridan, M.F., 1972, Geologic map of the White Mountain Peak quadrangle, Mono County, California:  U.S. Geological Survey Geologic Quadrangle Map GQ-1012, scale 1:62,500."
CA215,"Rinehart, C.D., and Ross, D.C., 1957, Geology of the Casa Diablo Mountain quadrangle, California:  U.S. Geological Survey Geologic Quadrangle Map GQ-99, scale 1:62,500."
CA216,"Renne, P.R., and Turrin, B.D., 1987, Constraints on timing of deformation in the Benton Range, southeastern California, and implications to Nevadan orogenesis:  Geology, v. 15, p. 1031-1034."
CA217,"Ingersoll, R.V., Rich, E.I., and Dickinson, W.R., 1977, Field guide; Great Valley Sequence, Sacramento Valley; [Field trip no. 8]: Geological Society of America, Cordilleran Section, Guidebook for Field Trips, 73rd Annual Meeting, Sacramento, CA, April 5-7, 1977, 72 p."
CA218,"Wadsworth, W.B., Ferriz, H., and Rhodes, D.D., 1995, Structural and stratigraphic development of the Middle Jurassic magmatic arc in the Cowhole Mountains, central-eastern Mojave Desert, California, in Miller, D.M., and Busby, C., eds., Jurassic magmatism and tectonics of the North American Cordillera:  Geological Society of America Special Paper 299, p. 327-349."
CA219,"Busby, C.J., Schermer, E.R., and Mattinson, J.M., 2002, Extensional arc setting and ages of Middle Jurassic eolianites, Cowhole Mountains (eastern Mojave Desert block, California), in Glazner, A.F., Walker, J.D., and Bartley, J.M., eds., Geologic evolution of the Mojave Desert and southwestern Basin and Range:  Geological Society of America Memoir 195, p. 79-91."
CA220,"Schwarcz, H.P., 1969, Pre-Cretaceous sedimentation and metamorphism in the Winchester area, northern Peninsular Ranges, California:  Geological Society of America Special Paper 100, 63 p."
CA221,"Bateman, P.C., Kistler, R.W., Peck, D.L., and Busacca, A., 1983, Geologic map of the Tuolumne Meadows quadrangle, Yosemite National Park, California:  U.S. Geological Survey Geologic Quadrangle Map GQ-1570, scale 1:62,500."
CA222,"Nilsen, T.H., 1993, Stratigraphy of the Cretaceous Hornbrook Formation, southern Oregon and northern California:  U.S. Geological Survey Professional Paper 1521, 89 p."
CA223,"Hart, E.W., 1966, Mines and mineral resources of Monterey County, California:  California Division of Mines and Geology, County Report 5, 142 p., scale 1:250,000."
CA224,"Wentworth, C.M., Jones, D.L., and Brabb, E.E., 1998, Geology and regional correlation of the Cretaceous and Paleogene rocks of the Gualala block, California, in Elder, W.P., ed., Geology and tectonics of the Gualala block, northern California:  Society for Sedimentary Geology, Pacific Section, Book 84, p. 3-26."
CA225,"Hall, C.A., Jr., 1958, Geology and paleontology of the Pleasanton area, Alameda and Contra Costa Counties, California:  University of California Publications in Geological Sciences, v. 34, no. 1, p. 1-90, scale ~1:37,000."
CA226,"Crittenden, M.D., Jr., 1951, Geology of the San Jose-Mount Hamilton area, California:  California Division of Mines Bulletin 157, 74 p., scale 1:62,500."
CA227,"Schweickert, R.A., 1976, Shallow-level plutonic complexes in the eastern Sierra Nevada, California, and their tectonic implications:  Geological Society of America Special Paper 176, 58 p."
CA228,"Fox, K.A., Jr., Sims, J.D., Bartow, J.A., and Helley, E.J., 1973, Preliminary geologic map of eastern Sonoma County and western Napa County, California:  U.S. Geological Survey Miscellaneous Field Studies Map MF-483, scale 1:62,500."
CA229,"Irwin, W.P., Yule, J.D., Court, B.L., Snoke, A.W., Stern, L.A., and Copeland, W.B., 1985, Reconnaissance geologic map of the Dubakella Mountain quadrangle, Trinity, Shasta, and Tehama Counties, California:  U.S. Geological Survey Miscellaneous Field Studies Map MF-1808, scale 1:62,500."
CA230,"Irwin, W.P., 1974, Reconnaissance geologic map of the Hayfork quadrangle, Trinity County, California:  U.S. Geological Survey Miscellaneous Field Studies Map MF-576, scale 1:62,500."
CA231,"Minch, J.A., and Abbott, P.L., 1973, Post-batholithic geology of the Jacumba area, southeastern San Diego County, California:  San Diego Society of Natural History, Transactions, v. 17, no. 11, p. 129-136."
CA232,"McLaughlin, R.J., Sliter, W.V., Frederiksen, N.O., Harbert, W.P., and McCulloch, D.S., 1994, Plate motions recorded in tectonostratigraphic terranes of the Franciscan Complex and evolution of the Menocino triple junction, northwestern California:  U.S. Geological Survey Bulletin 1997, 60 p."
CA233,"Seiders, V.M., 1989, Geologic map of the Burnett Peak quadrangle, Monterey and San Luis Obispo Counties, California:  U.S. Geological Survey Geologic Quadrangle Map GQ-1658, scale 1:24,000."
CA234,"Rowland, S.M., 1984, Geology of Santa Catalina Island:  California Geology, v. 37, no. 11, p. 239-251."
CA235,"Barth, A.P., Wooden, J.L., Jacobon, C.E., and Probst, K., 2004, U-Pb geochronology and geochemistry of the McCoy Mountains Formation, southeastern California: A Cretaceous retroarc foreland basin:  Geological Society of America Bulletin, v. 116, p. 142-153."
CA236,"Hodges, K.V., McKenna, L.W., and Harding, M.B., 1990, Structural unroofing of the central Panamint Mountains, Death Valley region, southeastern California, in Wernicke, B.P., ed., Basin and Range extensional tectonics near the latitude of Las Vegas, Nevada:  Geological Society of America Memoir 176, p. 377-390."
CA237,"Labotka, T.C., and Albee, A.L., 1990, Uplift and exposure of the Panamint metamorphic complex, California, in Wernicke, B.P., ed., Basin and Range extensional tectonics near the latitude of Las Vegas, Nevada:  Geological Society of America Memoir 176, p. 345-362."
CA238,"Fowler, T.K., Jr., and Calzia, J.P., 1999, Kingston Range detachment fault, southeastern Death Valley region, California: Relation to Tertiary deposits and reconstruction of initial dip, in Wright, L.A., and Troxel, B.W., eds., Cenozoic basins of the Death Valley region:  Geological Society of America Special Paper 333, p. 245-257."
CA239,"Albee, A.L., Labotka, T.C., Lanphere, M.A., and McDowell, S.D., 1981, Geologic map of the Telescope Peak quadrangle, California:  U.S. Geological Survey Geologic Quadrangle Map GQ-1532, scale 1:62,500."
CA240,"Forman, J.A., 1970, Age of the Catalina Island pluton, California, in Bandy, O.L., ed., Radiometric dating and paleontologic zonation:  Geological Society of America Special Paper 124, p. 37-45."
CA241,"Saleeby, J.B., Kistler, R.W., Longiaru, S., Moore, J.G., and Nokleberg, W.J., 1990, Middle Cretaceous silicic metavolcanic rocks in the Kings Canyon area, central Sierra Nevada, California, in Anderson, J.L., ed., The nature and origin of Cordilleran magmatism:  Geological Society of America Memoir 174, p. 251-270."
CA242,"Clark, J.C., and Brabb, E.E., 1997, Geology of the Point Reyes National Seashore and vicinity, Marin County, California: A digital database:  U.S. Geological Survey Open-file Report 97-456, scale 1:48,000."
CA243,"Kistler, R.W., and Champion, D.E., 2001, Rb-Sr whole-rock and mineral ages, K-Ar, 40Ar/39Ar, and U-Pb mineral ages, and strontium, lead, neodymium, and oxygen isotopic compositions for granitic rocks from the Salinian composite terrane, California:  U.S. Geological Survey Open-File Report 01-453, 84 p."
CA244,"Mattinson, J.M., and James, E.W., 1985, Salinian block U/Pb age and isotopic variations: Implications for origin and emplacement of the Salinian terrane, in Howell, D.G., ed., Tectonostratigraphic terranes of the circum-Pacific region:  Houston, Tex., Circum-Pacific Council for Energy and Mineral Resources, Earth Science Series, Number 1, p. 215-226."
CA245,"Todd, V.R., Kimbrough, D.L., and Herzig, C.T., 1994, The Peninsular Ranges batholith from western volcanic arc to eastern mid-crustal intrusive and metamorphic rocks, San Diego County, California, in McGill, S.F., and Ross, T.M., eds., Geological investigations of an active margin: Geological Society of America Cordilleran Section Guidebook, 27th Annual Meeting, San Bernardino, California, March 21-23, 1994, p. 227-240. "
CA246,"Silver, L.T., Taylor, H.P., Jr., and Chappell, B., 1979, Some petrological, geochemical, and geochronological observations of the Peninsular Ranges batholith near the international border of the U.S.A. and Mexico, in Abbott, P.L., and Todd, V.R., eds., Mesozoic crystalline rocks: Peninsular Ranges batholith and pegmatites, Point Sal Ophiolite:  Geological Society of America Guidebook, p. 83-110."
CA247,"Silver, L.T., and Chappell, B.W., 1988, The Peninsular Ranges batholith: an insight into the evolution of the Cordilleran batholiths of southwestern North America:  Transactions of the Royal Society of Edinburgh: Earth Sciences, v. 79, p. 105-121."
CA248,"Larsen, E.S., Jr., 1948, Batholith and associated rocks of Corona, Elsinore, and San Luis Rey quadrangles, southern California: Geological Society of America Memoir 29, 182 p."
CA249,"Baird, A.K., and Miesch, A.T., 1984, Batholithic rocks of southern California--A model ofr the petrochemical nature of their source materials:  U.S. Geological Survey Professional Paper 1284, 42 p."
CA250,"Albers, J.P., Kistler, R.W., and Kwak, L., 1981, The Mule Mountain stock, an early Middle Devonian pluton in northern California:  Isochron/West, v. 31, p. 17."
CA251,"Isotopic age constraints on middle Paleozoic deformation in the northern Sierra Nevada, California:  Geology, v. 15, p. 757-760."
CA252,"Hanson, R.E., Saleeby, J.B., and Schweickert, R.A., 1988, Composite Devonian island-arc batholith in the northern Sierra Nevada, California:  Geological Society of America Bulletin, v. 100, p. 446-457."
CA253,"Irwin, W.P., and Wooden, J.L., 2001, Map showing plutons and accreted terranes of the Sierra Nevada, California, with a tabulation of U/Pb isotopic ages:  U.S. Geological Survey Open-file Report 01-229, scale 1:1,000,000."
CA254,"Campbell-Stone, E., John, B.E., Foster, D.A., Geissman, J.W., and Livaccari, R.F., 2000, Mechanisms for accommodation of Miocene extension: Low-angle normal faulting, magmatism, and secondary breakaway faulting in the southern Sacramento Mountains, southeastern California:  Tectonics, v. 19, p. 566-587."
CA255,"duBray, E.A., and Moore, J.G., 1985, Geologic map of the Olancha quadrangle, southern Sierra Nevada, California:  U.S. Geological Survey Miscellaneous Field Studies Map MF-1734, scale 1:62,500."
CA256,"Diggles, M.F., 1987, Mineral resource potential map of the South Sierra Wilderness and the South Sierra Roadless Area, Inyo and Tulare Counties, California:  U.S. Geological Survey Miscellaneous Field Studies Map MF-1913-A, scale 1:48,000."
CA257,"Miller, D.M., and Bedford, D.R., 1998, Bedrock geology database for the Mojave Desert Ecosystem, v. 1.0:  Unpublished digital compilation, scale 1:500,000."
CA258,"Saleeby, J.B., 1992, Petrotectonic and paleogeographic settings of U.S. Cordilleran ophiolites, in Burchfiel, B.C., Lipman, P.W., and Zoback, M.L., eds., The Cordilleran orogen:  Conterminous U.S.:Boulder, Colorado, Geological Society of America, The Geology of North America, v. G-3, p. 653-681."
CA259,"Kennedy, M.P., and Peterson, G.L., 1975, Geology of the San Diego metropolitan area, California:  California Division of Mines and Geology Bulletin 200, 56 p., scale 1:24,000."
CA260,"Bartow, J.A., 1991, Geologic map of the northwestern Caliente Range, San Luis Obispo County, California:  U.S. Geological Survey Miscellaneous Investigations Series Map I-2077, scale 1:36,000."
CA261,"Dickey, D.D., Carr, W.J., and Bull, W.B., 1980, Geologic map of the Parker NW, Parker, and parts of the Whipple Mountains SW and Whipple Wash quadrangles, California and Arizona:  U.S. Geological Survey Miscellaneous Investigations Series Map I-1124, scale 1:24,000."
CA262,"Hamilton, Warren, 1984, Generalized geologic map of the Big Maria Mountains region, northeastern Riverside County, southeastern California:  U.S. Geological Survey Open-file Report 84-407, scale 1:48,000, 7 p."
CA263,"Vedder, J.G., Howell, D.G., and Forman, J.A., 1979, Miocene strata and their relation to other rocks, Santa Catalina Island, California, in Armentrout, J.M., Cole, M.R., and TerBest, L., Jr., eds., Cenozoic paleogeography of the western United States:  Society of Economic Paleontologists and Mineralogists, Pacific Section, Pacific Coast Paleogeography Symposium 3, p. 239-256."
CA264,"Frizzell, V.A., Jr., and Weigand, P.W., 1993, Whole-rock K-Ar ages and geochemical data from middle Cenozoic volcanic rocks, southern California: A test of correlations across the San Andreas fault, in Powell, R.E., Weldon, R.J., II, and Matti, J.C., eds., The San Andreas fault system: Displacement, palinspastic reconstruction, and geologic evolution:  Geological Society of America Memoir 178, p. 273-287."
CA265,"Law, R.D., Eriksson, K., and Davisson, C., 2001, Formation, evolution, and inversion of the middle Tertiary Diligencia basin, Orocopia Mountains, southern California:  Geological Society of America Bulletin, v. 113, p. 196-221."
CA266,"Cole, R.B., and Stanley, R.G., 1995, Middle Tertiary extension recorded by lacustrine fan-delta deposits, Plush Ranch basin, western Transverse Ranges, California:  Journal of Sedimentary Research, v. B65, p. 455-468."
CA267,"Howard, J.L., and Lowry, W.D., 1995, Medial Cenozoic paleogeography of the Los Angeles area, southwestern California, and adjacent parts of the United States, in Fritsche, A.E., ed., Cenozoic paleogeography of the western United States--II:  Pacific Section, SEPM (Society for Sedimentary Geology), Book 75, p. 22-41."
CA268,"Minor, S.A., Kellogg, K.S., Stanley, R.G., Stone, P., Powell, C.L., II, Gurrola, L.D., Selting, A.J., and Brandt, T.R., 2002, Preliminary geologic map of the Santa Barbara coastal plain area, Santa Barbara County, California:  U.S. Geological Survey Open-file Report 02-136, scale 1:24,000, 21 p."
CA269,"Grove, M., Jacobson, C.E., Barth, A.P., and Vucic, A., 2003, Temporal and spatial trends of Late Cretaceous-early Tertiary underplating of Pelona and related schist beneath southern California and southwest Arizona, in Johnson, S.E., Paterson, S.R., Fletcher, J.M., Girty, G.H., Kimbrough, D.L., and Martin-Barajas, A., eds., Tectonic evolution of northwestern Mexico and the southwestern USA:  Geological Society of America Special Paper 374, p. 381-406."
CA270,"Bailery, R.A., 2004, Eruptive history and chemical evolution of the precaldera and postcaldera basalt-dacite sequences, Long Valley, California; implications for magma sources, current seismic unrest, and future volcanism: U.S. Geological Survey Professional Paper 1692, 75 p."
CA271,"Donnelly-Nolan, J.M., Hearn, B. C. Jr., Curtis, G. H., and Drake, R.E., 1981, Geochronology and evolution of the Clear Lake Volcanics: U. S. Geological Survey Professional Paper 1141, pp.47-60."
CA272,"Hausback, B.P. and Nilsen, T.H., 1999, Sutter Buttes: California Division of Mines and Geology Special Publication, v. 119, p. 246-254."
CA273,"Duffield, W.A. and Bacon, C.R., 1981, Geologic map of the Coso volcanic field and adjacent areas, Inyo County, California: U.S. Geological Survey Miscellaneous Investigations Map I-1200."
CA274,"Drinkwater, J. L. and Sorg, D. H., and Weigand, P. W., 1988, Petrographic and chemical data for the Quien Sabe volcanic rocks in the Mariposa Peak Quadrangle, central Diablo Range, California: U.S. Geological Survey Open-File Report 88-642, 32 p."
CA275,"Drinkwater, J.L., Sorg, D.H., and Russell, P.C., 1992, Geologic map showing ages and mineralization of Quien Sabe volcanics, Mariposa Peak quad, west-central California. U.S. Geological Survey Miscellaneous Field Investigations Map MF-2200."
CA276,"Drinkwater, James, 1983, Geology of the northeastern part of the Quien Sabe volcanics, Merced County, California. Unpublished M.S. thesis, San Jos State University, San Jos, California, 102 p."
CA277,"Whitlock, Jaime S., 2002, Evidence of a mantle wedge source for slab window volcanism in the northern California coast ranges. Unpublished M.S. Thesis, the Pennsylvania State University, College Station, Pennsylvania, 78 p."
CA278,"Todd, V.R., 2004, Preliminary Geologic map of the El Cajon 30 min x 60 min quadrangle, southern California. U.S. Geological Survey Open-file report 2004-1361 (url http://pubs.usgs.gov/of/2004/1361."
CA279,"Cole, R.B., and DeCelles, P.G., 1991, Subaerial to submarine transitions in early Miocene pyroclastic flow deposits, southern San Joaquin basin, California: Geological Society of America Bulletin, v. 103, no. 2, p. 221-235."
CA280,"Luyendyk, B.P., Gans, P., and Kamerling, M.J., 1998, 40Ar/39Ar geochronology of Southern California Neogene volcanism. AAPG Bulleting, v. 82, p. 852 (abstract)"
CA281,"Grose, T.L.T., 2000, Volcanoes in the Susanville region, Lassen, Modoc, Plumas Counties, northeastern California: California Geology, v. 53, p. 4-23."
CA282,"Farmer, G.L., Glazner, A.F., and Manley, C.R., 2002, Did lithospheric delamination trigger late Cenozoic potassic volcanism in the southern Sierra Nevada, California? Geol. Soc. Amer. Bulletin, v. 114, p. 754-768.  "
CA283,"Manley, C.R., Glazner, A.F., and Farmer, G.L., 2000, Timing of volcanism in the Sierra Nevada of California-Evidence for Pliocene delamination of the batholitihic root?, Geology, v. 28, p. 811-814."
CA284,"Stanley, R.G., Wilson, D.S., and McCrory, P.A., 2000, Locations and ages of middle Tertiary volcanic centers in coastal California: U.S. Geological Survey Open-File Report 00-154, 27 p., url http://geopubs.wr.usgs.gov/open-file/of00-154/"
CA285,"Matthews, V.,III, 1973, Geology of the Pinnacles volcanic formation and the Neenach volcanic formation and their bearing on the San Andreas fault problem. Unpublished Ph.D dissertation, University of California, Santa Cruz, Santa Cruz, CA."
CA286,"Weigand, P. W., and Thomas, J. M., 1989, Middle Cenozoic volcanic fields adjacent to the San Andreas fault, central California: Correlation and petrogenesis: in Baldwin, E. J., Foster, J. H., Lewis, W. L., and Hardy, J. K., eds., San Andreas fault - Cajon Pass to Wallace Creek: South Coast Geological Society Guidebook, no. 17, vol. 1, p. 207-222."
CA287,"Ludington, Steve, and Gray, Karen, 1987, Petrochemical studies of the Pinnacles Wilderness contiguous wilderness study area, Monterey and San Benito Counties, California. U.S. Geological Survey Open-file report 87-135, 9 p."
CA288,"McLaughlin, R.J., and Sarna-Wojcicki, A., 2003, Geology of the Right Stepover Region between the Rodgers Creek, Healdsburg, and Maacama Faults, Northern San Francisco Bay Region. U.S. Geological Survey Open-File Report 03-502, 23 p., url http://geopubs.wr.usgs.gov/open-file/of03-502/"
CA289,"Springer, D.J., 2002, Geochemical correlation of the Iverson and Mindego basalts of Northern California: GSA abstract"
CA290,"Nakata, J., 1977, Distribution and Petrology of the Anderson-Coyote Reservoir Volcanic Rocks. Unpublished M.S. Thesis, San Jos State University, 105 p. "
CA291,"Weigand, P. W., 1982, Middle Cenozoic volcanism of the western Transverse Ranges, in Fife, D. L., and Minch, J. A., eds., Geology and mineral wealth of the California Transverse Ranges: Santa Ana, California, South Coast Geological Society, Inc., p. 170-188."
CA292,"Weigand, P. W., 1993, Geochemistry and origin of middle Miocene volcanic rocks from Santa Cruz and Anacapa Islands, southern California Borderland, in Hochberg, F. G., ed., Recent advances in California island research: Santa Barbara Museum of Natural History, p. 21-37."
CA293,"Weigand, P. W., and Savage, K. L., 1993, Review of the petrology and geochemistry of the Miocene Conejo Volcanics of the Santa Monica Mountains, California, in Weigand, P. W., Fritsche, A. E., and Davis, G. E., eds., Miocene sedimentary and volcanic environments, Santa Monica Mountains, California: SEPM (Society for Sedimentary Geology), Pacific Section, Book 72, p. 93-112."
US001,"Johnson, Bruce R. and Leveritch, Beth, 1998, 1:100,000 Scale State Boundaries of the Conterminous United States: U.S. Geological Survey, unpublished."
